Award Number,Month,Year,City,Zip,Charging Station Brand,County,Cost of Charging Station,Rebate Amount
RCS0618102,6,2018,Hockessin,19707,Tesla,New Castle,500.00,250.00
RCS0618103,6,2018,Wilmington,19802,AeroVironment,New Castle,649.00,324.50
RCS0618104,6,2018,Middletown,19709,ChargePoint,New Castle,674.00,337.00
RCS0618105,6,2018,Bear,19701,Tesla,New Castle,500.00,250.00
RCS0618106,6,2018,Bear,19701,Clipper Creek,New Castle,589.00,294.50
RCS0618107,6,2018,Newark,19711,Tesla,New Castle,500.00,250.00
RCS0618108,6,2018,Newark,19711,Tesla,New Castle,500.00,250.00
RCS0618109,6,2018,Newark,19713,ChargePoint,New Castle,629.00,314.50
RCS0618110,6,2018,Hockessin,19707,Siemens,New Castle,459.99,230.00
RCS0618111,6,2018,Wilmington,19810,AeroVironment,New Castle,549.00,274.50
RCS0618112,6,2018,Bear,19701,JuiceBox,New Castle,488.00,244.00
RCS0618113,6,2018,Newark,19713,ChargePoint,New Castle,599.00,299.50
RCS0718114,7,2018,Townsend,19734,Duosida,New Castle,199.99,100.00
RCS0718115,7,2018,Lewes,19958,ChargePoint,Sussex,599.00,299.50
RCS0718116,7,2018,Felton,19943,AeroVironment,Kent,699.00,349.50
RCS0718117,7,2018,Newark,19702,Tesla,New Castle,500.00,250.00
RCS0718118,7,2018,Newark,19702,AeroVironment,New Castle,601.00,300.50
RCS0718119,7,2018,Millville,19967,Clipper Creek,Sussex,515.00,257.50
RCS0818120,8,2018,Felton,19943,Tesla,Kent,500.00,250.00
RCS0818121,8,2018,Milford,19963,Tesla,Sussex,585.00,292.50
RCS0818122,8,2018,New Castle,19720,Tesla,New Castle,500.00,250.00
RCS0818123,8,2018,Dover,19901,Tesla,Kent,500.00,250.00
RCS0818124,8,2018,Wilmington,19808,Tesla,New Castle,500.00,250.00
RCS0818125,8,2018,Frederica,19946,Tesla,Kent,500.00,250.00
RCS0818126,8,2018,Middletown,19709,Siemens,New Castle,473.13,236.57
RCS0818127,8,2018,Wilmington,19803,Siemens,New Castle,402.16,201.08
RCS0918128,9,2018,Milsboro,19966,Siemens,Sussex,402.16,201.34
RCS0918129,9,2018,New Castle,19720,JuiceBox,New Castle,499.00,249.50
RCS0918130,9,2018,Magnolia,19962,Tesla,Kent,610.00,305.00
RCS0918131,9,2018,Wilmington,19807,Porsche,New Castle,344.02,172.01
RCS0918132,9,2018,Wilmington,19807,Tesla,New Castle,500.00,250.00
RCS0918133,9,2018,Newark,19711,Tesla,New Castle,500.00,250.00
RCS0918134,9,2018,Bear,19701,JuiceBox,New Castle,579.00,289.50
RCS1018135,10,2018,Frankford,19945,Siemens,Sussex,473.13,236.57
RCS1018136,10,2018,Wilmington,19805,Tesla,New Castle,500.00,250.00
RCS1018137,10,2018,Bear,19701,Tesla,New Castle,500.00,250.00
RCS1018138,10,2018,Wilmington,19803,Morec,New Castle,368.95,184.48
RCS1018139,10,2018,Lewes,19958,Siemens,Sussex,433.33,216.67
RCS1018140,10,2018,Middletown,19709,Tesla,New Castle,500.00,250.00
RCS1018141,10,2018,Newark,19702,Tesla,New Castle,500.00,250.00
RCS1018142,10,2018,Middletown,19709,Tesla,New Castle,500.00,250.00
RCS1018143,10,2018,Newark,19713,Tesla,New Castle,500.00,250.00
RCS1018144,10,2018,Hockessin,19707,Tesla,New Castle,500.00,250.00
RCS1018145,10,2018,Newark,19711,JuiceBox,New Castle,579.00,290.00
RCS1018146,10,2018,Middletown,19709,Aerovironment,New Castle,499.00,249.50
RCS1018147,10,2018,Newark,19702,Tesla,New Castle,500.00,250.00
RCS1018148,10,2018,Milton,19968,JuiceBox,Sussex,529.00,264.50
RCS1018149,10,2018,Middletown,19709,Tesla,New Castle,500.00,250.00
RCS1018150,10,2018,Wilmington,19808,Tesla,New Castle,500.00,250.00
RCS1018151,10,2018,Middletown,19709,Tesla,New Castle,500.00,250.00
RCS1118152,11,2018,Wilmington,19807,Tesla,New Castle,500.00,250.00
RCS1118153,11,2018,Newark,19711,Tesla,New Castle,500.00,250.00
RCS1118154,11,2018,Hockessin,19707,Tesla,New Castle,500.00,250.00
RCS1118155,11,2018,Smyrna,19977,ChargePoint,Kent,519.00,259.50
RCS1118158,11,2018,Bear,19701,Tesla,New Castle,500.00,250.00
RCS1218159,12,2018,Hockessin,19707,Tesla,New Castle,500.00,250.00
RCS1218160,12,2018,Lewes,19958,Tesla,Sussex,500.00,250.00
RCS1218161,12,2018,Lewes,19958,Tesla,Sussex,500.00,250.00
RCS1218162,12,2018,Milton,19968,ChargePoint,Sussex,559.00,279.50
RCS1218163,12,2018,Wilmington,19803,Clipper Creek,New Castle,599.00,299.50
RCS1218164,12,2018,Wilmington,19803,Clipper Creek,New Castle,599.00,299.50
RCS1218165,12,2018,Milton,19968,Siemens,Sussex,429.00,214.50
RCS1218166,12,2018,Wilmington,19803,Clipper Creek,New Castle,659.00,329.50
RCS1218167,12,2018,Rehoboth Beach,19971,ChargePoint,Sussex,674.00,337.00
RCS1218168,12,2018,Smyrna,19977,ChargePoint,Kent,599.00,299.50
RCS1218169,12,2018,Millsboro,19966,ChargePoint,Sussex,599.00,299.50
RCS1218170,12,2018,Hockessin,19707,Tesla,New Castle,500.00,250.00
RCS1218171,12,2018,Millville,19967,ChargePoint,Sussex,674.00,337.00
RCS1218172,12,2018,Wilmington,19808,Tesla,New Castle,500.00,250.00
RCS1218173,12,2018,Hockessin,19707,Tesla,New Castle,500.00,250.00
RCS1218174,12,2018,Bear,19701,Tesla,New Castle,500.00,250.00
RCS0119175,1,2019,Wilmington,19810,Tesla,New Castle,500.00,250.00
RCS0119176,1,2019,Wilmington,19808,ChargePoint,New Castle,606.26,303.13
RCS0119177,1,2019,Middletown,19709,JuiceBox,New Castle,489.00,244.50
RCS0119178,1,2019,Wilmington,19802,JuiceBox,New Castle,549.00,274.50
RCS0119179,1,2019,Wilmington,19805,Tesla,New Castle,500.00,250.00
RCS0119180,1,2019,Hockessin,19707,Tesla,New Castle,500.00,250.00
RCS0119181,1,2019,Smyrna,19977,Primecom,Kent,324.00,162.00
RCS0119182,1,2019,Wilmington,19801,Tesla,New Castle,500.00,250.00
RCS0119183,1,2019,Lewes,19958,Mustart,Sussex,359.00,179.50
RCS0219184,2,2019,Middletown,19709,Siemens,New Castle,759.00,378.50
RCS0219185,2,2019,Bethany Beach,19930,Tesla,Sussex,500.00,250.00
RCS0219186,2,2019,Middletown,19709,Juicebox,New Castle,579.00,289.50
RCS0219187,2,2019,Wilmington,19803,Tesla,New Castle,500.00,250.00
RCS0219188,2,2019,Hockessin,19707,Tesla,New Castle,500.00,250.00
RCS0219189,2,2019,Middletown,19709,Tesla,New Castle,500.00,250.00
RCS0219190,2,2019,Newark,19711,Tesla,New Castle,500.00,250.00
RCS0219191,2,2019,Bear,19701,Tesla,New Castle,500.00,250.00
RCS0319192,3,2019,Smyrna,19977,Tesla,Kent,500.00,250.00
RCS0319193,3,2019,Wilmington,19807,ChargePoint,New Castle,587.02,293.51
RCS0319194,3,2019,Wilmington,19806,Tesla,New Castle,500.00,250.00
RCS0319195,3,2019,Bear,19701,JuiceBox,New Castle,549.00,274.50
RCS0319196,3,2019,Bear,19701,Tesla,New Castle,500.00,250.00
RCS0319197,3,2019,Wilmington,19807,ChargePoint,New Castle,699.00,349.50
RCS0319198,3,2019,Newark,19711,Tesla,New Castle,500.00,250.00
RCS0319199,3,2019,Ocean View,19970,Tesla,Sussex,500.00,250.00
RCS0319200,3,2019,Bear,19701,Siemens,New Castle,459.99,230.00
RCS0319204,3,2019,Middletown,19709,JuiceBox,New Castle,549.00,274.50
RCS0319205,3,2019,Milton,19968,ChargePoint,Sussex,778.96,389.48
RCS0319206,3,2019,Dover,19901,Tesla,Kent,500.00,250.00
RCS0419207,4,2019,Georgetown,19947,Georgetown,Sussex,200.00,100.00
RCS0419208,4,2019,Wilmington,19807,Wilmington,New Castle,549.00,274.50
RCS0419209,4,2019,Georgetown,19947,Georgetown,Sussex,549.00,274.50
RCS0419210,4,2019,Middletown,19709,Tesla,New Castle,500.00,250.00
RCS0419211,4,2019,New Castle,19720,Tesla,New Castle,500.00,250.00
RCS0419212,4,2019,Middletown,19966,JuiceBox,Sussex,499.00,249.50
RCS0419213,4,2019,Millsboro,19966,ChargePoint,Sussex,629.10,314.55
RCS0419214,4,2019,Bear,19701,Tesla,New Castle,500.00,250.00
RCS0419215,4,2019,Newark,19702,Tesla,New Castle,500.00,250.00
RCS0419216,4,2019,Rehoboth Beach,19971,Tesla,Sussex,500.00,250.00
RCS0419217,4,2019,Camden Wyoming,19934,Tesla,Kent,500.00,250.00
RCS0419218,4,2019,Bear,19701,Tesla,New Castle,500.00,250.00
RCS0419219,4,2019,Hockessin,19707,Tesla,New Castle,500.00,250.00
RCS0419220,4,2019,Wilmington,19807,Tesla,New Castle,500.00,250.00
RCS0519221,5,2019,Middletown,19709,Tesla,New Castle,500.00,250.00
RCS0519225,5,2019,Wilmington,19806,ChargePoint,New Castle,559.20,279.60
RCS0519226,5,2019,Rehoboth Beach,19971,Tesla,Sussex,500.00,250.00
RCS0519227,5,2019,Wilmington,19803,Tesla,New Castle,500.00,250.00
RCS0519228,5,2019,Newark,19702,Tesla,New Castle,500.00,250.00
RCS0519229,5,2019,Seaford,19973,Tesla,Sussex,500.00,250.00
RCS0519230,5,2019,Magnolia,19962,Tesla,Kent,500.00,250.00
RCS0519231,5,2019,Milford,19963,Tesla,Sussex,519.00,259.50
RCS0519233,5,2019,Middletown,19709,Tesla,New Castle,500.00,250.00
RCS0519234,5,2019,Middletown,19709,JuiceBox,New Castle,549.00,274.50
RCS0519235,5,2019,Newark,19702,Tesla,New Castle,500.00,250.00
RCS0519237,5,2019,Wilmington,19803,Tesla,New Castle,500.00,250.00
RCS0519238,5,2019,Wilmington,19808,Tesla,New Castle,500.00,250.00
RCS0519239,5,2019,Wilmington,19807,Accell,New Castle,249.99,125.00
RCS0619243,6,2019,Townsend,19734,Tesla,New Castle,500.00,250.00
RCS0619244,6,2019,Camden Wyoming,19934,JuiceBox,Kent,549.00,274.50
RCS0619245,6,2019,Bear,19701,Tesla,New Castle,500.00,250.00
RCS0619246,6,2019,Middletown,19709,Tesla,New Castle,500.00,250.00
RCS0619247,6,2019,Newark,19702,Tesla,New Castle,500.00,250.00
RCS0619248,6,2019,Newark,19711,Tesla,New Castle,500.00,250.00
RCS0619249,6,2019,Newark,19702,Tesla,New Castle,500.00,250.00
RCS0619250,6,2019,Smyrna,19977,Tesla,Kent,500.00,250.00
RCS0619251,6,2019,Townsend,19734,Tesla,New Castle,500.00,250.00
RCS0619252,6,2019,Dover,19901,Tesla,Kent,500.00,250.00
RCS0719253,7,2019,Wilmington,19808,Tesla,New Castle,500.00,250.00
RCS0719254,7,2019,Wilmington,19807,Tesla,New Castle,500.00,250.00
RCS0719255,7,2019,Lewes,19958,Charge Point,Sussex,778.96,389.48
RCS0719256,7,2019,Lewes,19958,Tesla,Sussex,500.00,250.00
RCS0719257,7,2019,Wilmington,19803,Tesla,New Castle,500.00,250.00
RCS0719258,7,2019,Middletown,19709,Tesla,New Castle,500.00,250.00
RCS0719259,7,2019,Newark,19711,Tesla,New Castle,500.00,250.00
RCS0719260,7,2019,Newark,19711,Tesla,New Castle,500.00,250.00
RCS0719261,7,2019,Townsend,19734,Tesla,New Castle,500.00,250.00
RCS0719262,7,2019,Townsend,19734,Tesla,New Castle,500.00,250.00
RCS0719263,7,2019,Milton,19968,Charge Point,Sussex,559.00,279.50
RCS0719264,7,2019,Rehoboth Beach,19971,Tesla,Sussex,500.00,250.00
RCS0719265,7,2019,Middletown,19709,Tesla,New Castle,500.00,250.00
RCS0719266,7,2019,Lewes,19958,Charge Point,Sussex,599.00,299.50
RCS0719267,7,2019,Wilmington,19802,Tesla,New Castle,500.00,250.00
RCS0719268,7,2019,Rehoboth Beach,19971,Charge Point,Sussex,599.00,299.50
RCS0819269,8,2019,Laurel,19956,Clipper Creek,Sussex,515.00,257.50
RCS0819270,8,2019,Wilmington,19803,Aerovironment,New Castle,499.00,249.50
RCS0819271,8,2019,Newark,19711,Tesla,New Castle,500.00,250.00
RCS0819272,8,2019,Middletown,19709,JuiceBox,New Castle,549.00,274.50
RCS0819273,8,2019,Millsboro,19966,Tesla,Sussex,500.00,250.00
RCS0819274,8,2019,Seaford,19973,Tesla,Sussex,500.00,250.00
RCS0819275,8,2019,Middletown,19709,Tesla,New Castle,500.00,250.00
RCS0819276,8,2019,Hockessin,19707,JuiceBox,New Castle,538.99,269.50
RCS0819277,8,2019,Magnolia,19962,ChargePoint,Kent,599.00,299.50
RCS0819278,8,2019,Clayton,19938,ChargePoint,Kent,599.00,299.50
RCS0819279,8,2019,Middletown,19709,Tesla,New Castle,500.00,250.00
RCS0819280,8,2019,Middletown,19709,Tesla,New Castle,500.00,250.00
RCS0819281,8,2019,Rehoboth Beach,19971,Siemens,Sussex,427.99,214.00
RCS0819282,8,2019,Bear,19701,TurboCord,New Castle,199.00,99.50
RCS0819283,8,2019,Magnolia,19962,Tesla,Kent,500.00,250.00
RCS0819284,8,2019,Wilmington,19809,Tesla,New Castle,500.00,250.00
RCS0819285,8,2019,Middletown,19709,Tesla,New Castle,500.00,250.00
RCS0819286,8,2019,Newark,19713,EV Gear,New Castle,299.99,150.00
RCS0819287,8,2019,Newark,19702,ChargePoint,New Castle,479.00,239.50
RCS0819288,8,2019,Middletown,19709,Tesla,New Castle,500.00,250.00
RCS0819289,8,2019,Millsboro,19966,ChargePoint,Sussex,599.00,299.50
RCS0819290,8,2019,Wilmington,19809,ChargePoint,New Castle,599.00,299.50
RCS0819291,8,2019,Seaford,19973,Tesla,Sussex,500.00,250.00
RCS0819292,8,2019,Newark,19702,Tesla,New Castle,500.00,250.00
RCS0819293,8,2019,Middletown,19709,Tesla,New Castle,500.00,250.00
RCS0819294,8,2019,Wilmington,19810,Tesla,New Castle,500.00,250.00
RCS0819295,8,2019,Newark,19702,Tesla,New Castle,500.00,250.00
RCS0819296,8,2019,Newark,19716,Tesla,New Castle,500.00,250.00
RCS0819297,8,2019,Wilmington,19808,Tesla,New Castle,500.00,250.00
RCS0819298,8,2019,Dewey Beach,19971,Tesla,Sussex,500.00,250.00
CCS0919812,9,2019,Wilmington,19801,ChargePoint,New Castle,6705.00,2500.00
CCS0919813,9,2019,Wilmington,19801,ChargePoint,New Castle,6190.00,2500.00
RCS0919299,9,2019,Wilmington,19806,Tesla,New Castle,500.00,250.00
RCS0919300,9,2019,Newark,19711,ChargePoint,New Castle,600.00,300.00
RCS0919301,9,2019,Wilmington,19803,Tesla,New Castle,500.00,250.00
RCS0919302,9,2019,Middletown,19709,Tesla,New Castle,500.00,250.00
RCS0919303,9,2019,Wilmington,19807,Tesla,New Castle,500.00,250.00
RCS0919304,9,2019,Newark,19702,Tesla,New Castle,500.00,250.00
RCS0919305,9,2019,Newark,19702,Blink,New Castle,1495.00,500.00
RCS0919306,9,2019,Dover,19901,Siemens,Kent,399.99,200.00
RCS0919307,9,2019,Magnolia,19962,Tesla,Kent,500.00,250.00
RCS0919308,9,2019,Milton,19968,Tesla,Sussex,500.00,250.00
RCS0919309,9,2019,Wilmington,19805,Tesla,New Castle,500.00,250.00
RCS0919310,9,2019,Smyrna,19977,Tesla,Kent,500.00,250.00
RCS0919311,9,2019,Wilmington,19807,Tesla,New Castle,500.00,250.00
RCS0919312,9,2019,Bethany Beach,19930,ChargePoint,Sussex,1250.00,500.00
RCS0919313,9,2019,Milford,19963,Tesla,Sussex,500.00,250.00
CCS1019814,10,2019,Wilmington,19801,ChargePoint,New Castle,6447.50,2500.00
CCS1019815,10,2019,Wilmington,19801,ChargePoint,New Castle,6447.50,2500.00
RCS1019314,10,2019,Bear,19701,JuiceBox,New Castle,549.00,274.50
RCS1019315,10,2019,Middletown,19709,Tesla,New Castle,500.00,250.00
RCS1019316,10,2019,Wilmington,19807,Tesla,New Castle,500.00,250.00
RCS1019317,10,2019,Newark,19713,Tesla,New Castle,500.00,250.00
RCS1019318,10,2019,Newark,19713,Tesla,New Castle,500.00,250.00
RCS1019319,10,2019,Wilmington,19808,Tesla,New Castle,500.00,250.00
RCS1019320,10,2019,Miller,19701,Tesla,New Castle,500.00,250.00
RCS1019321,10,2019,Magnolia,19962,Tesla,Kent,500.00,250.00
RCS1019322,10,2019,Townsend,19734,ChargePoint,New Castle,559.00,279.50
RCS1019323,10,2019,Lewes,19958,ChargePoint,Sussex,599.00,299.50
RCS1019324,10,2019,Milford,19963,Tesla,Sussex,500.00,250.00
RCS1019325,10,2019,Selbyville,19975,ChargePoint,Sussex,519.00,259.50
RCS1019326,10,2019,Bear,19701,Tesla,New Castle,500.00,250.00
RCS1019327,10,2019,Smyrna,19977,Tesla,Kent,500.00,250.00
RCS1019328,10,2019,Newark,19711,Siemans,New Castle,459.00,229.50
RCS1019329,10,2019,Wilmington,19801,Tesla,New Castle,500.00,250.00
RCS1019330,10,2019,Newark,19711,Tesla,New Castle,500.00,250.00
RCS1019331,10,2019,Frederica,19946,Tesla,Kent,500.00,250.00
RCS1019332,10,2019,Hockessin,19707,Tesla,New Castle,500.00,250.00
RCS1019333,10,2019,Smyrna,19977,ChargePoint,Kent,519.00,259.50
RCS1019334,10,2019,Wilmington,19808,Tesla,New Castle,500.00,250.00
RCS1019335,10,2019,Bear,19701,Tesla,New Castle,500.00,250.00
CCS1119816,11,2019,Wilmington,19801,ChargePoint,New Castle,7210.00,2500.00
CCS1119817,11,2019,Wilmington,19801,ChargePoint,New Castle,7210.00,2500.00
RCS1119336,11,2019,Middletown,19709,Tesla,New Castle,533.13,266.57
RCS1119337,11,2019,Claymont,19703,ChargePoint,New Castle,778.96,389.48
RCS1119338,11,2019,Newark,19702,Tesla,New Castle,500.00,250.00
RCS1119339,11,2019,Hockessin,19707,ChargePoint,New Castle,519.99,259.50
RCS1119340,11,2019,Rehoboth Beach,19971,JuiceBox,Sussex,549.00,274.50
RCS1119341,11,2019,Dover,19901,Tesla,Kent,500.00,250.00
RCS1119342,11,2019,Dover,19901,Tesla,Kent,500.00,250.00
RCS1119343,11,2019,Middletown,19709,BougeRV,New Castle,195.98,97.99
RCS1119344,11,2019,Rehoboth Beach,19971,ChargePoint,Sussex,615.12,307.56
RCS1119345,11,2019,Wilmington,19808,Tesla,New Castle,500.00,250.00
RCS1119346,11,2019,Wilmington,19803,Siemans,New Castle,751.00,375.50
RCS1119347,11,2019,Lewes,19958,ChargePoint,Sussex,699.00,349.50
RCS1119348,11,2019,Hockessin,19707,Tesla,New Castle,500.00,250.00
RCS1119349,11,2019,Rehoboth Beach,19971,Tesla,Sussex,500.00,250.00
RCS1119350,11,2019,Hockessin,19707,ChargePoint,New Castle,699.00,349.50
RCS1119351,11,2019,Rehoboth Beach,19971,Tesla,Sussex,500.00,250.00
RCS1119352,11,2019,Camden Wyoming,19934,Tesla,Kent,500.00,250.00
RCS1119353,11,2019,Fenwick Island,19944,Primecom,Sussex,469.00,234.50
RCS1119354,11,2019,Camden Wyoming,19934,Tesla,Kent,500.00,250.00
RCS1119355,11,2019,Smyrna,19977,ChargePoint,Kent,699.00,349.50
RCS1119356,11,2019,Greenville,19807,ChargePoint,New Castle,599.00,299.50
CCS1219818,12,2019,Wilmington,19801,ChargePoint,New Castle,7354.45,2500.00
CCS1219819,12,2019,Wilmington,19801,ChargePoint,New Castle,7354.45,2500.00
RCS1219357,12,2019,Smyrna,19977,Tesla,Kent,500.00,250.00
RCS1219358,12,2019,Newark,19711,Tesla,New Castle,500.00,250.00
RCS1219359,12,2019,Middletown,19709,Tesla,New Castle,500.00,250.00
RCS1219360,12,2019,Wilmington,19803,Megear/Zencar,New Castle,195.99,98.00
RCS1219361,12,2019,Newark,19702,Tesla,New Castle,500.00,250.00
RCS1219362,12,2019,Dover,19904,ChargePoint,Kent,519.00,259.50
RCS1219363,12,2019,Bear,19701,Tesla,New Castle,520.00,260.00
RCS1219364,12,2019,Newark,19711,ChargePoint,New Castle,559.00,279.50
RCS1219365,12,2019,Millsboro,19966,JuiceBox,Sussex,549.00,274.50
RCS1219366,12,2019,Rehoboth Beach,19971,Tesla,Sussex,500.00,250.00
RCS1219367,12,2019,Claymont,19703,JuiceBox,New Castle,539.00,269.50
RCS1219368,12,2019,Wilmington,19807,Tesla,New Castle,500.00,250.00
RCS1219369,12,2019,Wilmington,19803,Tesla,New Castle,500.00,250.00
RCS1219370,12,2019,Newark,19711,ChargePoint,New Castle,699.00,349.50
RCS1219371,12,2019,Dover,19901,Tesla,Kent,500.00,250.00
RCS1219372,12,2019,Middletown,19709,Tesla,New Castle,500.00,250.00
RCS1219373,12,2019,Wilmington,19808,EV Gear,New Castle,299.99,150.00
RCS1219374,12,2019,Wilmington,19803,Tesla,New Castle,500.00,250.00
RCS1219375,12,2019,Dover,19901,ChargePoint,Kent,524.25,262.13
RCS1219376,12,2019,Middletown,19709,JuiceBox,New Castle,549.99,275.00
RCS1219377,12,2019,Newark,19711,JuiceBox,New Castle,549.00,274.50
RCS1219378,12,2019,Middletown,19709,ChargePoint,New Castle,599.00,299.50
RCS1219379,12,2019,Wilmington,19810,JuiceBox,New Castle,549.00,274.50
RCS1219380,12,2019,Wilmington,19803,Tesla,New Castle,500.00,250.00
RCS1219381,12,2019,Newark,19702,Tesla,New Castle,500.00,250.00
RCS1219382,12,2019,Middletown,19709,Clipper Creek,New Castle,456.55,228.28
RCS1219383,12,2019,Middletown,19709,Tesla,New Castle,500.00,250.00
RCS1219384,12,2019,Hartly,19953,ChargePoint,Kent,699.00,349.50
RCS1219385,12,2019,Claymont,19703,Tesla,New Castle,500.00,250.00
RCS1219386,12,2019,Hockessin,19707,JuiceBox,New Castle,499.99,250.00
RCS1219387,12,2019,Hockessin,19707,Tesla,New Castle,500.00,250.00
RCS1219388,12,2019,Bear,19701,Clipper Creek,New Castle,589.00,294.50
RCS1219389,12,2019,Wilmington,19801,ChargePoint,New Castle,599.00,299.50
RCS1219390,12,2019,Wilmington,19809,JuiceBox,New Castle,539.00,269.50
RCS1219391,12,2019,Rehoboth Beach,19971,Clipper Creek,Sussex,589.00,294.50
RCS1219392,12,2019,Dover,19904,ChargePoint,Kent,599.00,299.50
RCS1219393,12,2019,Wilmington,19808,VersiCharge,New Castle,359.99,180.00
RCS1219394,12,2019,Magnolia,19962,ChargePoint,New Castle,486.75,243.38
RCS1219395,12,2019,Newark,19711,JuiceBox,New Castle,539.00,269.50
RCS1219396,12,2019,Wilmington,19806,Primecom,New Castle,448.00,224.00
RCS1219397,12,2019,Georgetown,19947,Electrify America,Sussex,499.00,249.50
RCS1219398,12,2019,Newark,19702,Mustart,New Castle,379.00,189.50
RCS1219399,12,2019,Wilmington,19802,Tesla,New Castle,500.00,250.00
RCS1219400,12,2019,Wilmington,19803,Tesla,New Castle,37.32,18.66
RCS1219401,12,2019,Bear,19701,Tesla,New Castle,500.00,250.00
RCS1219402,12,2019,Hockessin,19707,Tesla,New Castle,500.00,250.00
RCS1219403,12,2019,Newark,19711,Tesla,New Castle,500.00,250.00
RCS1219404,12,2019,Lewes,19958,Tesla,Sussex,500.00,250.00
RCS1219405,12,2019,Newark,19702,Tesla,New Castle,500.00,250.00
RCS1219406,12,2019,Clayton,19938,Tesla,Kent,500.00,250.00
RCS1219407,12,2019,Wilmington,19802,Tesla,New Castle,500.00,250.00
RCS1219408,12,2019,Newark,19702,Tesla,New Castle,500.00,250.00
RCS1219409,12,2019,Wilmington,19809,Tesla,New Castle,500.00,250.00
RCS1219410,12,2019,Bear,19701,Tesla,New Castle,500.00,250.00
RCS1219411,12,2019,New Castle,19720,Tesla,New Castle,500.00,250.00
RCS1219412,12,2019,Newark,19702,Tesla,New Castle,500.00,250.00
RCS1219413,12,2019,Townsend,19734,Tesla,New Castle,500.00,250.00
RCS1219414,12,2019,Newark,19702,Tesla,New Castle,500.00,250.00
RCS1219415,12,2019,Wilmington,19801,Tesla,New Castle,500.00,250.00
RCS1219416,12,2019,Milton,19968,Tesla,New Castle,500.00,250.00
RCS1219417,12,2019,Middletown,19709,JuiceBox,New Castle,539.00,269.50
RCS1219418,12,2019,Magnolia,19962,ChargePoint,New Castle,559.00,279.50
RCS1219419,12,2019,Bear,19701,Tesla,New Castle,500.00,250.00
RCS1219420,12,2019,Newark,19711,Tesla,New Castle,500.00,250.00
RCS1219421,12,2019,Newark,19702,Tesla,New Castle,500.00,250.00
RCS1219422,12,2019,Wilmington,19806,JuiceBox,New Castle,579.00,289.50
RCS1219423,12,2019,Middletown,19709,ChargePoint,New Castle,699.00,349.50
RCS1219424,12,2019,Millsboro,19966,Tesla,Sussex,500.00,250.00
RCS1219425,12,2019,Rehoboth Beach,19971,Tesla,Sussex,500.00,250.00
RCS1219426,12,2019,Wilmington,19809,Tesla,New Castle,500.00,250.00
RCS1219427,12,2019,Georgetown,19947,Tesla,Sussex,500.00,250.00
RCS1219428,12,2019,Newark,19713,JuiceBox,New Castle,499.99,250.00
RCS1219429,12,2019,Newark,19711,Tesla,New Castle,1049.00,500.00
RCS1219430,12,2019,Wilmington,19810,Tesla,New Castle,500.00,250.00
RCS1219431,12,2019,Rehoboth Beach,19971,Tesla,Sussex,1000.00,500.00
RCS1219432,12,2019,Ocean View,19970,Tesla,Sussex,500.00,250.00
RCS1219432,12,2019,Middletown,19709,Tesla,New Castle,500.00,250.00
CCS0320820,3,2020,Wilmington,19709,SemaConnect,New Castle,6980.00,5235.00
CCS0620821,6,2020,Newark,19711,ChargePoint,New Castle,8603.00,7000.00
CCS0620822,6,2020,Newark,19711,ChargePoint,New Castle,8603.00,7000.00
CCS0620823,6,2020,Newark,19711,ChargePoint,New Castle,8603.00,7000.00
CCS0620824,6,2020,Wilmington,19802,ChargePoint,New Castle,7487.00,6738.30
CCS0620825,6,2020,Wilmington,19802,ChargePoint,New Castle,7487.00,6738.30
CCS0620826,6,2020,Wilmington,19802,ChargePoint,New Castle,7487.00,6738.30
CCS1020827,10,2020,Dover,19904,Blink,Kent,6650.00,5985.00
CCS0121828,1,2021,Smyrna,19977,SemaConnect,Kent,6940.00,6246.00
CCS0121829,1,2021,Rehoboth Beach,19971,SemaConnect,Sussex,6380.00,5742.00
CCS0121830,1,2021,Dover,19901,Leviton,Kent,44835.00,40351.50
CCS0121831,1,2021,Georgetown,19947,ChargePoint,Sussex,8250.00,7000.00
CCS0221832,2,2021,Fenwick Island,19944,EVI,Sussex,7500.00,5625.00
CCS0221833,2,2021,New Castle,19720,SemaConnect,New Castle,7260.00,6534.00
CCS0421834,4,2021,Wilmington,19801,ChargePoint,New Castle,7750.00,20925.00
CCS0521835,5,2021,Lewes,19958,Wallbox,Sussex,599.00,449.25
CCS0621836,6,2021,Rehoboth Beach,19971,ChargePoint,Sussex,21992.00,14000.00
CCS0621837,6,2021,New Castle,19720,SemaConnect,New Castle,54240.00,48816.00
CCS0721838,7,2021,Seaford,19973,SemaConnect,Sussex,7065.47,6358.92
CCS0921839,9,2021,Rehoboth Beach,19971,Chargepoint,Sussex,7305.00,5478.75
CCS0921840,9,2021,Rehoboth Beach,19971,Chargepoint,Sussex,7305.00,5478.75
CCS0322847,3,2022,New Castle,19720,SemaConnect,New Castle,32506.00,29255.40
CCS0522850,5,2022,Dover,19901,Chargepoint,Kent,1398.00,1048.50
CCS0622851,6,2022,Newark,19711,Juicebox,New Castle,20985.00,15738.75
CCS0722852,7,2022,Milford,19963,Juicebox,Sussex,17951.20,13470.90
CCS1122853,11,2022,Newark,19702,Juicebox,New Castle,1499.00,1124.25
CCS1122854,11,2022,Wilmington,19801,SemaConnect,New Castle,21660.00,19494.00
CCS0222845,12,2022,Harrington,19952,Leviton EVR 40-B2C Dual,Kent,8147.95,7357.45
CCS0222846,12,2022,Wilmington,19806,Blink,New Castle,19296.75,14472.00
CCS0323860,3,2023,Wilmington,19709,Sema Series 8,New Castle,6990.00,5242.50
CCS0323861,3,2023,Wilmington,19709,Sema Series 8,New Castle,6990.00,5242.50
CCS0323862,3,2023,Rehoboth Beach,19971,SemaConnect,Sussex,4790.00,3592.50
CCS0423863,4,2023,Newark,19711,ChargePoint,New Castle,12801.00,7000.00
CCS0423864,4,2023,Newark,19711,ChargePoint,New Castle,30108.00,14000.00
EVSE071501,7,2015,Camden Wyoming,19934,GE,Kent,599.00,500.00
EVSE071502,7,2015,Selbyville,19975,Millbank Charger,Sussex,1500.00,500.00
EVSE071503,7,2015,Milford,19963,Siemens,Sussex,444.00,444.00
EVSE081504,8,2015,Milford,19963,Siemens,Sussex,444.00,444.00
EVSE081505,8,2015,Seaford,19973,Aerovironment,Sussex,599.00,500.00
EVSE081506,8,2015,Dover,19904,AeroVironment,Sussex,499.00,499.00
EVSE081507,8,2015,Milton,19968,Clipper Creek,Sussex,379.00,379.00
EVSE081508,8,2015,Wilmington,19808,AeroVironment,New Castle,499.00,499.00
EVSE081509,8,2015,Wilmington,19810,Clipper Creek,New Castle,560.00,500.00
EVSE081512,8,2015,Wilmington,19807,JuiceBox,New Castle,599.00,500.00
EVSE091510,9,2015,Seaford,19973,AeroVironment,Sussex,799.00,500.00
EVSE091511,9,2015,Rehoboth Beach,19971,Leviton,Sussex,633.59,500.00
EVSE091513,9,2015,Newark,19702,VersiCharge,New Castle,549.00,500.00
EVSE101514,10,2015,Wilmington,19808,Clipper Creek,New Castle,595.15,500.00
EVSE101515,10,2015,Newark,19702,Siemens,New Castle,513.77,500.00
EVSE101516,10,2015,Middletown,19709,Clipper Creek,New Castle,565.00,500.00
EVSE101517,10,2015,Millsboro,19966,AeroVironment,Sussex,499.00,499.00
EVSE101518,10,2015,Hartly,19953,Tesla,Kent,1220.00,500.00
EVSE101519,10,2015,Middletown,19709,Siemens,New Castle,549.00,500.00
EVSE101520,10,2015,Dover,19904,BMW,Kent,950.00,500.00
EVSE101521,10,2015,Hockessin,19707,JuiceBox,New Castle,499.00,499.00
EVSE101522,10,2015,Dover,19904,Tesla,Kent,250.00,250.00
EVSE111523,11,2015,Newark,19702,Blink,New Castle,549.00,500.00
EVSE111524,11,2015,Millsboro,19966,Clipper Creek,Sussex,469.00,469.00
EVSE111525,11,2015,Wilmington,19805,JuiceBox,New Castle,549.00,500.00
EVSE111526,11,2015,Newark,19702,ChargePoint,New Castle,649.00,500.00
EVSE121527,12,2015,Wilmington,19803,AeroVironment,New Castle,499.00,499.00
EVSE121528,12,2015,Dover,19901,Tesla,Kent,4050.00,500.00
EVSE121529,12,2015,Wilmington,19803,Siemens,New Castle,549.00,500.00
EVSE121530,12,2015,New Castle,19720,AeroVironment,New Castle,599.00,500.00
EVSE121531,12,2015,Lincoln,19960,Siemens,Sussex,444.00,444.00
EVSE011632,1,2016,Wilmington,19806,Clipper Creek,New Castle,485.00,485.00
EVSE011633,1,2016,Wilmington,19810,ChargePoint,New Castle,749.00,500.00
EVSE021634,2,2016,Wilmington,19803,JuiceBox,New Castle,499.00,499.00
EVSE021635,2,2016,Middletown,19709,Bosch,New Castle,572.87,500.00
EVSE021636,2,2016,Wilmington,19810,GE,New Castle,545.00,500.00
EVSE021637,2,2016,Middletown,19709,Tesla,New Castle,750.00,500.00
EVSE031638,3,2016,Newark,19711,Clipper Creek,New Castle,485.00,485.00
EVSE031639,3,2016,Newark,19702,ChargePoint,New Castle,649.00,500.00
EVSE041640,4,2016,Middletown,19709,JuiceBox,New Castle,599.00,500.00
EVSE041641,4,2016,Middletown,19709,Clipper Creek,New Castle,395.00,395.00
EVSE041642,4,2016,Bear,19701,Tesla,New Castle,550.00,500.00
EVSE051643,5,2016,Dover,19904,WallBox,Kent,900.00,500.00
EVSE051644,5,2016,Middletown,19709,Clipper Creek,New Castle,565.00,500.00
EVSE051645,5,2016,Middletown,19709,Clipper Creek,New Castle,565.00,500.00
EVSE051646,5,2016,Seaford,19973,Tesla,Sussex,550.00,500.00
EVSE051647,5,2016,Middletown,19709,Clipper Creek,New Castle,485.00,485.00
EVSE061648,6,2016,Greenville,19807,Tesla,New Castle,550.00,500.00
EVSE061649,6,2016,Rehoboth Beach,19711,JuiceBox,Sussex,747.95,500.00
EVSE071650,7,2016,Magnolia,19962,JuiceBox,Kent,599.00,500.00
EVSE071651,7,2016,Wilmington,19803,TurboCord,New Castle,499.00,499.00
EVSE081652,8,2016,Lewes,19958,JuiceBox,Sussex,499.00,499.00
EVSE081653,8,2016,Newark,19713,GE,New Castle,561.35,500.00
EVSE081654,8,2016,Newark,19711,Bosch,New Castle,718.48,500.00
EVSE081655,8,2016,Newark,19713,Nuvve Power Port,New Castle,2045.00,500.00
EVSE081656,8,2016,Newark,19713,Nuvve Power Port,New Castle,2045.00,500.00
EVSE081657,8,2016,Newark,19711,JuiceBox,New Castle,499.00,499.00
EVSE081658,8,2016,Middletown,19709,Clipper Creek,New Castle,565.00,500.00
EVSE081659,8,2016,Lewes,19958,Clipper Creek,Sussex,395.00,395.00
EVSE091660,9,2016,Claymont,19703,Electric Vehicle Institue,New Castle,340.00,340.00
EVSE091661,9,2016,Bear,19701,ChargePoint,New Castle,649.00,500.00
EVSE091662,9,2016,Elsmere,19805,Siemens,New Castle,499.00,499.00
EVSE091663,9,2016,Rehoboth Beach,19971,SemaConnect,Sussex,2990.00,500.00
EVSE101664,10,2016,Wilmington,19807,Audi,New Castle,2719.00,500.00
EVSE101665,10,2016,New Castle,19720,ChargePoint,New Castle,699.00,500.00
EVSE101666,10,2016,Wilmington,19808,Clipper Creek,New Castle,589.00,500.00
EVSE101667,10,2016,Newark,19702,JuiceBox,New Castle,499.00,499.00
EVSE101668,10,2016,Bethany Beach,19930,Clipper Creek,Sussex,589.00,500.00
EVSE101669,10,2016,Camden Wyoming,19934,Siemens,Kent,499.00,499.00
EVSE101670,10,2016,Newark,19713,TurboCord,New Castle,599.00,500.00
EVSE101671,10,2016,Claymont,19703,JuiceBox,New Castle,499.00,499.00
EVSE101672,10,2016,Newark,19711,Bosch,New Castle,449.00,449.00
EVSE101673,10,2016,Lincoln,19960,Clipper Creek,Sussex,565.00,500.00
EVSE101674,10,2016,Wilmington,19803,Clipper Creek,New Castle,589.00,500.00
EVSE101675,10,2016,Wilmington,19803,Bosch,New Castle,593.00,500.00
EVSE101676,10,2016,Lewes,19958,Bosch,Sussex,608.00,500.00
EVSE101677,10,2016,Hockessin,19707,JuiceBox,New Castle,499.00,499.00
EVSE111678,11,2016,Bear,19703,EVoCharge,New Castle,1599.00,500.00
EVSE111679,11,2016,Millsboro,19966,Clipper Creek,Sussex,579.00,500.00
EVSE111680,11,2016,Millsboro,19966,Clipper Creek,Sussex,398.00,398.00
EVSE111681,11,2016,Hockessin,19707,Tesla,New Castle,500.00,500.00
EVSE111682,11,2016,Milford,19963,AeroVironment,Sussex,689.00,500.00
EVSE111683,11,2016,Milford,19963,AeroVironment,Sussex,689.00,500.00
RCS111601,11,2016,Wilmington,19806,AeroVironment,New Castle,749.00,374.50
RCS111602,11,2016,Wilmington,19809,EV Charger/ DuraStation,New Castle,397.00,198.50
RCS111603,11,2016,Rehoboth Beach,19971,Ford,Sussex,649.00,324.50
EVSE121684,12,2016,Newark,19711,Clipper Creek,New Castle,565.00,500.00
EVSE121685,12,2016,Wilmington,19810,Tesla,New Castle,550.00,500.00
RCS121604,12,2016,Smyrna,19977,ChargePoint,New Castle,699.00,349.50
RCS121605,12,2016,Wilmington,19803,ChargePoint,New Castle,636.65,318.33
RCS121606,12,2016,Dover,19904,Clipper Creek,Kent,395.00,197.50
RCS011707,1,2017,Hockessin,19707,ChargePoint,New Castle,594.15,297.08
RCS011708,1,2017,Wilmington,19803,Clipper Creek,New Castle,892.31,446.16
RCS011709,1,2017,Camden Wyoming,19934,Eaton,Kent,999.00,499.50
EVSE021786,2,2017,Newark,19718,Leviton,New Castle,1496.46,500.00
EVSE021787,2,2017,Newark,19718,Leviton,New Castle,1438.82,500.00
RCS021710,2,2017,Millsboro,19966,Clipper Creek,Sussex,589.00,294.50
RCS021711,2,2017,Ocean View,19970,Duosida,Sussex,289.00,144.50
RCS021712,2,2017,Wilmington,19810,Tesla,New Castle,550.00,275.00
RCS021713,2,2017,Dover,19904,Duosida,Kent,244.99,122.50
RCS031714,3,2017,Newark,19711,ChargePoint,New Castle,749.00,374.50
RCS031715,3,2017,Wilmington,19809,Tesla,New Castle,420.00,210.00
RCS031716,3,2017,Newark,19711,Clipper Creek,New Castle,589.00,294.50
RCS031717,3,2017,Millsboro,19966,ChargePoint,Sussex,699.00,349.50
RCS031718,3,2017,Wilmington,19803,Clipper Creek,New Castle,665.00,332.50
RCS031719,3,2017,Laurel,19956,ChargePoint,Sussex,699.00,349.50
WCS031701,3,2017,Townsend,19734,Clipper Creek,New Castle,665.00,498.75
RCS041720,4,2017,Camden Wyoming,19934,Clipper Creek,Kent,565.00,282.50
RCS041721,4,2017,Dagsboro,19939,Tesla,Sussex,550.00,275.00
RCS041722,4,2017,Bear,19701,ChargePoint,New Castle,674.10,337.05
RCS051723,5,2017,Bethany Beach,19930,Siemens,Sussex,499.00,249.50
RCS051724,5,2017,Magnolia,19962,Duosida,Kent,229.00,114.50
RCS051725,5,2017,Newark,19711,AeroVironment,New Castle,594.15,297.08
RCS051726,5,2017,Lewes,19958,AeroVironment,New Castle,539.00,269.50
RCS051727,5,2017,Hockessin,19707,Tesla,New Castle,500.00,250.00
RCS051728,5,2017,Dover,19901,Clipper Creek,Kent,565.00,282.50
WCS051702,5,2017,Dover,19901,SemaConnect,Kent,6780.00,5000.00
CCS061701,6,2017,Hockessin,19707,Tesla,New Castle,500.00,375.00
EVSE061788,6,2017,Wilmington,19806,Tesla,New Castle,750.00,500.00
EVSE061789,6,2017,Wilmington,19807,Tesla,New Castle,550.00,500.00
RCS061729,6,2017,Townsend,19734,Nissan,New Castle,379.00,189.50
RCS061730,6,2017,Wilmington,19807,Siemens,New Castle,498.00,249.00
RCS071731,7,2017,Newark,19711,Clipper Creek,New Castle,589.00,294.50
RCS071732,7,2017,New Castle,19720,Clipper Creek,New Castle,515.00,257.50
RCS071733,7,2017,Newark,19711,Clipper Creek,New Castle,565.00,282.50
RCS071734,7,2017,New Castle,19720,AeroVironment,New Castle,539.00,269.50
RCS071735,7,2017,Wilmington,19803,Siemens,New Castle,499.00,249.50
RCS071736,7,2017,Newark,19702,AeroVironment,New Castle,699.00,349.50
RCS071737,7,2017,Wilmington,19808,Clipper Creek,New Castle,589.00,294.50
WCS071703,7,2017,New Castle,19805,SemaConnect,New Castle,3090.00,2317.50
WCS071704,7,2017,New Castle,19805,SemaConnect,New Castle,3090.00,2317.50
WCS071705,7,2017,New Castle,19805,SemaConnect,New Castle,3090.00,2317.50
WCS071706,7,2017,New Castle,19805,SemaConnect,New Castle,3090.00,2317.50
WCS071707,7,2017,New Castle,19805,SemaConnect,New Castle,3090.00,2317.50
WCS071708,7,2017,New Castle,19805,SemaConnect,New Castle,3090.00,2317.50
CCS081702,8,2017,Lewes,19958,Clipper Creek,Sussex,899.00,674.25
CCS081703,8,2017,Lewes,19958,Tesla,Sussex,550.00,412.50
CCS081704,8,2017,Lewes,19958,Clipper Creek,Sussex,899.00,674.25
CCS081705,8,2017,Lewes,19958,Clipper Creek,Sussex,550.00,412.50
RCS081738,8,2017,Middletown,19709,JuiceBox,New Castle,854.05,427.03
RCS081739,8,2017,Middletown,19709,Siemens,New Castle,499.00,249.50
RCS081740,8,2017,Millsboro,19966,Bosch,Sussex,769.00,384.50
RSC081741,8,2017,Wilmington,19807,Clipper Creek,New Castle,659.00,329.50
RCS091742,9,2017,Lewes,19958,Clipper Creek,Sussex,659.00,329.50
RCS091743,9,2017,Middletown,19709,AeroVironment,New Castle,699.00,349.50
RCS091744,9,2017,Seaford,19973,AeroVironment,Sussex,649.00,324.50
RCS091745,9,2017,Wilmington,19803,Tesla,New Castle,550.00,275.00
RCS091746,9,2017,Newark,19713,Ford,New Castle,589.00,294.50
RCS091747,9,2017,Wilmington,19802,Leviton,New Castle,399.00,199.50
RSC091748,9,2017,Lewes,19958,JuiceBox,Sussex,569.00,284.50
RSC091749,9,2017,Hockessin,19707,JuiceBox,New Castle,599.00,299.50
WCS091709,9,2017,New Castle,19718,SemaConnect,New Castle,3190.00,2392.50
WCS091710,9,2017,New Castle,19718,SemaConnect,New Castle,3190.00,2392.50
WCS091711,9,2017,New Castle,19718,SemaConnect,New Castle,3190.00,2392.50
WCS091712,9,2017,New Castle,19718,SemaConnect,New Castle,3190.00,2392.50
WCS091713,9,2017,New Castle,19718,SemaConnect,New Castle,3190.00,2392.50
WCS091714,9,2017,New Castle,19718,SemaConnect,New Castle,3190.00,2392.50
RCS101750,10,2017,Hockessin,19707,Tesla,New Castle,500.00,250.00
RCS101751,10,2017,Middletown,19709,JuiceBox,New Castle,599.00,299.50
RCS101752,10,2017,Magnolia,19962,Tesla,Kent,500.00,250.00
RCS101753,10,2017,Middletown,19709,ChargePoint,New Castle,828.00,414.00
RCS111754,11,2017,Selbyville,19975,JuiceBox,Sussex,599.00,299.50
RCS111755,11,2017,Wilmington,19807,Siemens,New Castle,489.00,244.50
RCS111756,11,2017,Wilmington,19806,Tesla,New Castle,500.00,250.00
RCS111757,11,2017,Wilmington,19083,Clipper Creek,New Castle,695.00,347.50
RCS111758,11,2017,Newark,19711,AeroVironment,New Castle,499.00,249.50
CCS121706,12,2017,Newark,19713,Leviton,New Castle,2905.00,2178.75
RCS121759,12,2017,Bear,19701,JuiceBox,New Castle,549.99,275.00
RCS121760,12,2017,Seaford,19973,ChargePoint,Sussex,594.15,297.08
RCS121761,12,2017,Smyrna,19977,New Max,Sussex,447.75,223.88
RCS121763,12,2017,Dover,19901,Bosch,Kent,1100.86,500.00
RCS121764,12,2017,Newark,19711,Tesla,New Castle,919.99,460.00
RCS121765,12,2017,Felton,19943,Clipper Creek,New Castle,589.00,294.50
RCS121766,12,2017,Bethany Beach,19930,Clipper Creek,Sussex,395.00,197.50
RSC121762,12,2017,Wilmington,19804,ChargePoint,New Castle,559.20,279.60
RCS011867,1,2018,Wilmington,19806,EVSE Adapters,New Castle,388.00,194.00
RCS011868,1,2018,Wilmington,19804,Clipper Creek,New Castle,565.00,282.50
RCS011869,1,2018,Middletown,19709,Tesla,New Castle,500.00,250.00
RCS011870,1,2018,Dover,19901,ChargePoint,Kent,559.20,279.60
RCS011871,1,2018,Middletown,19709,ChargePoint,New Castle,559.20,279.60
RCS011872,1,2018,Hockessin,19707,Tesla,New Castle,500.00,250.00
RCS011873,1,2018,Townsend,19734,AeroVironment,New Castle,699.00,349.50
RCS011874,1,2018,Newark,19711,Quick Charge Power,New Castle,449.00,249.50
RCS011875,1,2018,Wilmington,19809,Siemens,New Castle,487.00,243.50
RCS011876,1,2018,Wilmington,19807,Clipper Creek,New Castle,515.00,257.50
RCS011877,1,2018,Bear,19701,Tesla,New Castle,497.99,249.00
RCS021878,2,2018,Newark,19713,Clipper Creek,New Castle,395.00,197.50
RCS021879,2,2018,Odessa,19730,JuiceBox,New Castle,529.00,264.50
RCS021880,2,2018,Wilmington,19810,Clipper Creek,New Castle,565.00,282.50
RCS031881,3,2018,Wilmington,19803,AeroVironment,New Castle,636.00,318.00
RCS031882,3,2018,Lewes,19958,Clipper Creek,Sussex,689.00,344.50
RCS031883,3,2018,Middletown,19709,Siemens,New Castle,459.99,230.00
RCS031884,3,2018,Wilmington,19803,Tesla,New Castle,500.00,250.00
RCS031885,3,2018,Wilmington,19806,Tesla,New Castle,500.00,250.00
RCS031886,3,2018,Newark,19711,Tesla,New Castle,500.00,250.00
RCS041887,4,2018,Hockessin,19707,Siemens,New Castle,459.00,229.50
RCS041888,4,2018,Hockessin,19707,Tesla,New Castle,500.00,250.00
RCS041889,4,2018,Newark,19702,Tesla,New Castle,550.00,275.00
RCS041890,4,2018,Wilmington,19805,Tesla,New Castle,500.00,250.00
RCS041891,4,2018,Dover,19901,Clipper Creek,Kent,589.00,294.50
RCS041892,4,2018,Wilmington,19808,Tesla,New Castle,500.00,250.00
RCS041893,4,2018,Milton,19968,ChargePoint,Sussex,559.00,279.50
RCS041894,4,2018,Wilmington,19707,Siemens,New Castle,489.00,244.50
RCS0518100,5,2018,Newark,19711,Duosida,New Castle,199.99,100.00
RCS0518101,5,2018,Selbyville,19975,Duosida,Sussex,214.99,107.50
RCS051895,5,2018,Middletown,19709,AeroVironment,New Castle,549.00,274.50
RCS051896,5,2018,Newark,19711,AeroVironment,New Castle,589.00,294.50
RCS051897,5,2018,Wilmington,19808,Tesla,New Castle,500.00,250.00
RCS051898,5,2018,Middletown,19709,Tesla,New Castle,500.00,250.00
RCS051899,5,2018,Bear,19701,Tesla,New Castle,500.00,250.00
CCS061807,6,2018,Wilmington,19804,AeroVironment,New Castle,650.00,487.50
CCS061808,6,2018,Wilmington,19810,SemaConnect,New Castle,3190.00,2392.50
CCS061809,6,2018,Wilmington,19810,SemaConnect,New Castle,3790.00,2500.00
CCS071810,7,2018,Wilmington,19805,Tesla,New Castle,500.00,375.00
WCS101815,10,2018,Dover,19901,CPF25 L2,Kent,695.00,521.25
WCS101816,10,2018,Dover,19901,CPF25 L2,Kent,695.00,521.25
CCS111811,11,2018,Frederica,19946,JuiceBox,Kent,579.00,434.25
WCS061917,6,2019,Newark,19711,Siemens,New Castle,499.00,374.25
WCS081918,8,2019,New Castle,19720,SemaConnect,New Castle,6180.00,4635.00
WCS081919,8,2019,New Castle,19720,SemaConnect,New Castle,6180.00,4635.00
WCS121920,12,2019,New Castle,19801,ChargePoint,New Castle,8800.00,5000.00
CCS1221841,12,2021,Dover,19901,ChargePoint,Kent,21032.00,14000.00
CCS1221842,12,2021,Wilmington,19801,Juice Box,New Castle,16150.00,12112.50
CCS1221843,12,2021,Wilmington,19801,Juice Box,New Castle,16150.00,12112.50
CCS1221844,12,2021,New Castle,19720,SemaConnect,New Castle,10722.00,7000.00
WCS121921,12,2019,New Castle,19801,ChargePoint,New Castle,7445.00,5000.00
WCS121922,12,2019,New Castle,19801,ChargePoint,New Castle,7900.00,5000.00
WCS121923,12,2019,New Castle,19801,ChargePoint,New Castle,7445.00,5000.00
WCS121924,12,2019,Wilmington,19805,ChargePoint,New Castle,21380.00,9142.50
WCS121925,12,2019,Newark,19713,ChargePoint,New Castle,7445.00,5000.00
WCS121926,12,2019,Wilmington,19803,ChargePoint,New Castle,7445.00,5000.00
WCS121927,12,2019,Newark,19713,ChargePoint,New Castle,7445.00,5000.00
WCS121928,12,2019,Newark,19713,ChargePoint,New Castle,8994.00,5000.00
WCS121929,12,2019,Dover,19904,JuiceBox Pro,Kent,549.00,411.75
WCS121930,12,2019,Hockessin,19707,Clipper Creek,New Castle,565.00,423.75
WCS0420931,4,2020,Wilmington,19801,Leviton,New Castle,685.00,513.75
WCS0420932,4,2020,Wilmington,19801,Leviton,New Castle,685.00,513.75
WCS0920933,9,2020,New Castle,19720,SemaConnect,New Castle,6780.00,6102.00
WCS0920934,9,2020,New Castle,19720,SemaConnect,New Castle,6780.00,6102.00
WCS0920935,9,2020,New Castle,19720,SemaConnect,New Castle,6780.00,6102.00
WCS1220936,12,2020,Smyrna,19977,SemaConnect,Kent,6980.00,6282.00
WCS1220937,12,2020,Harrington,19952,Leviton,Sussex,946.05,851.45
WCS0121938,1,2021,Greenwood,19950,ChargePoint,Sussex,21630.00,19467.00
WCS0121939,1,2021,Wilmington,19802,Clipper Creek,New Castle,1378.98,1241.08
WCS0121940,1,2021,Rehoboth Beach,19971,SemaConnect,Sussex,6380.00,4785.00
WCS0121941,1,2021,Rehoboth Beach,19771,SemaConnect,Sussex,6380.00,4785.00
WCS0121942,1,2021,Rehoboth Beach,19971,SemaConnect,Sussex,6380.00,4785.00
WCS0221943,2,2021,Wilmington,19803,ChargePoint,New Castle,7210.00,5407.50
WCS0221944,2,2021,Wilmington,19803,ChargePoint,New Castle,7210.00,5407.50
WCS0221945,2,2021,Wilmington,19803,ChargePoint,New Castle,7210.00,5407.50
WCS0221946,2,2021,Wilmington,19803,ChargePoint,New Castle,7210.00,5407.50
WCS0221947,2,2021,Wilmington,19803,ChargePoint,New Castle,7210.00,5407.50
WCS0221948,2,2021,Smyrna,19977,SemaConnect,Kent,6780.00,6102.00
WCS0223981,2,2023,Newark,19711,Clipper Creek,New Castle,1480.00,1110.00
WCS0223982,2,2023,Dover,19901,Blink Advanced,Kent,9481.67,7000.00
WCS0323983,3,2023,Newport,19804,Juice Bar,New Castle,8556.00,6417.00
WCS0423985,4,2023,Lewes,19958,SemaConnect,Sussex,4875.00,3656.25
WCS0421949,4,2021,Wilmington,19803,ChargePoint,New Castle,7210.00,5407.50
WCS0821950,8,2021,Wilmington,19810,Leviton,New Castle,4880.00,3660.00
WCS0921950,9,2021,Dover,19901,Juice Box,Kent,599.99,449.99
WCS1021951,10,2021,Wilmington,19806,Gateway North America,New Castle,30024.00,21000.00
WCS1121952,11,2021,Wilmington,19803,ChargePoint,New Castle,9072.67,6804.50
WCS1121953,11,2021,Wilmington,19803,ChargePoint,New Castle,9072.67,6804.50
WCS1121954,11,2021,Wilmington,19803,ChargePoint,New Castle,9072.67,6804.50
WCS1121955,11,2021,Wilmington,19803,ChargePoint,New Castle,9072.67,6804.50
WCS1121956,11,2021,Wilmington,19803,ChargePoint,New Castle,9072.67,6804.50
WCS1121957,11,2021,Wilmington,19803,ChargePoint,New Castle,9072.67,6804.50
WCS1121958,11,2021,Wilmington,19801,Lilypad,New Castle,11474.50,7000.00
WCS1121959,11,2021,Wilmington,19801,Lilypad,New Castle,11474.50,7000.00
WCS1221960,12,2021,Wilmington,19808,Ford,New Castle,799.00,599.00
WCS0322961,3,2022,Wilmington,19802,Juicebox,New Castle,76520.00,3500.00
WCS0522958,5,2022,Wilmington,19803,ChargePoint,New Castle,7210.00,5407.50
WCS0522959,5,2022,Wilmington,19803,ChargePoint,New Castle,7210.00,5407.50
WCS0522960,5,2022,Wilmington,19803,ChargePoint,New Castle,7210.00,5407.50
WCS0522961,5,2022,Wilmington,19803,ChargePoint,New Castle,7210.00,5407.50
WCS0522962,5,2022,Wilmington,19803,ChargePoint,New Castle,7210.00,5407.50
WCS0522963,5,2022,Wilmington,19803,ChargePoint,New Castle,7210.00,5407.50
WCS0522964,5,2022,Wilmington,19802,Verdek,New Castle,9077.00,7000.00
WCS0522965,5,2022,Harrington,19952,ChargePoint,Kent,699.00,524.25
WCS0522966,5,2022,Bear,19701,Sema Connect,New Castle,7034.29,5085.00
WCS1022975,9,2022,New Castle,19720,Sema Connect,New Castle,4740.00,4266.00
WCS1022976,9,2022,New Castle,19720,Sema Connect,New Castle,4740.00,4266.00
WCS1122977,10,2022,New Castle,19938,Charge Point,New Castle,14904.00,7000.00
WCS1122978,10,2022,New Castle,19938,Charge Point,New Castle,14904.00,7000.00
FCS0423002,4,2023,Newark,19711,ChargePoint,New Castle,8242.00,7000.00
FCS0423003,4,2023,Newark,19711,Blink,New Castle,2498.25,1873.69
FCS0423004,4,2023,Newark,19711,Blink,New Castle,3588.00,2691.00
GFCS0720001,7,2020,Rehoboth Beach,19971,Clipper Creek,Sussex,635.00,571.50
GFCS0720002,7,2020,Newark,19711,Clipper Creek,New Castle,635.00,571.50
GFCS0720003,7,2020,Felton,19943,Clipper Creek,Kent,635.00,571.50
GFCS0720004,7,2020,Laurel,19956,Clipper Creek,Sussex,635.00,571.50
GFCS0521005,5,2021,New Castle,19720,Leviton,New Castle,4558.34,4102.51
GFCS0521006,5,2021,Dover,19904,Leviton,Kent,3694.70,3325.23
GFCS0521007,5,2021,Georgetown,19947,Leviton,Sussex,3246.04,2921.44
MDCS0820001,8,2020,Newark,19711,BTC,New Castle,10015.00,7000.00
MDCS1220002,12,2020,Wilmington,19805,Siemans,New Castle,494.12,444.71
MDCS1220003,12,2020,Wilmington,19809,Siemans,New Castle,494.12,444.71
MDCS1220004,12,2020,Wilmington,19805,Siemans,New Castle,494.12,444.71
MDCS0121005,1,2021,Millsboro,19966,SemaConnect,Sussex,6380.00,4785.00
MDCS0121006,1,2021,Millsboro,19966,SemaConnect,Sussex,6380.00,4785.00
MDCS0121007,1,2021,Millsboro,19966,SemaConnect,Sussex,6380.00,4785.00
MDCS0121008,1,2021,Lewes,19958,SemaConnect,Sussex,6380.00,4785.00
MDCS0121009,1,2021,Lewes,19958,SemaConnect,Sussex,6380.00,4785.00
MDCS0521010,5,2021,Wilmington,19801,Wallbox,New Castle,2596.00,2336.40
MDCS0921011,9,2021,Wilmington,19803,Sema Connect,New Castle,13560.00,12204.00
MDCS0921012,9,2021,Wilmington,19803,Sema Connect,New Castle,13560.00,12204.00
MDCS0921013,9,2021,Wilmington,19803,Sema Connect,New Castle,13560.00,12204.00
MDCS0921014,9,2021,Wilmington,19803,Sema Connect,New Castle,13560.00,12204.00
MDCS1221015,12,2021,Newark,19711,Juicebox,New Castle,24790.00,22311.00
MDCS1221016,12,2021,Newark,19711,Juicebox,New Castle,24790.00,22311.00
MDCS1221017,12,2021,Newark,19711,Juicebox,New Castle,2479.00,22311.00
MDCS0122018,1,2022,Newark,19711,Juicebox,New Castle,12395.00,11155.50
MDCS0122019,1,2022,Newark,19711,Juicebox,New Castle,17353.00,15617.70
MDCS0122020,1,2022,Newark,19711,Juicebox,New Castle,24790.00,22311.00
MDCS0122021,1,2022,Newark,19711,Juicebox,New Castle,24790.00,22311.00
MDCS0122022,1,2022,Newark,19711,Juicebox,New Castle,9916.00,8924.40
MDCS0122023,1,2022,Newark,19711,Juicebox,New Castle,12395.00,11155.50
MDCS0122024,1,2022,Wilmington,19801,Juicebox,New Castle,13990.00,12591.00
MDCS0122025,1,2022,Wilmington,19801,Juicebox,New Castle,13990.00,12591.00
MDCS0122026,1,2022,Wilmington,19801,Juicebox,New Castle,13990.00,12591.00
MDCS0122027,1,2022,Newark,19711,Juicebox,New Castle,20985.00,18886.50
MDCS0122028,1,2022,Newark,19711,Juicebox,New Castle,24790.00,22311.00
MDCS0222029,2,2022,Newark,19711,Juicebox,New Castle,22311.00,20079.90
MDCS0222030,2,2022,Newark,19711,Juicebox,New Castle,17600.00,15840.00
MDCS0222031,2,2022,Newark,19713,Juicebox,New Castle,22000.00,19800.00
MDCS0222032,2,2022,Newark,19713,Juicebox,New Castle,22000.00,19800.00
MDCS0222033,2,2022,Newark,19711,Juicebox,New Castle,12395.00,11155.50
MDCS0222034,2,2022,Newark,19711,Juicebox,New Castle,7437.00,6693.30
MDCS0222035,2,2022,Newark,19713,Juicebox,New Castle,22000.00,19800.00
MDCS0222036,2,2022,Newark,19711,Juicebox,New Castle,24790.00,22311.00
MDCS0222037,2,2022,Newark,19711,Juicebox,New Castle,14874.00,13386.60
MDCS0222038,2,2022,Newark,19713,Juicebox,New Castle,22000.00,19800.00
MDCS0222039,2,2022,Newark,19711,Juicebox,New Castle,12395.00,11155.50
MDCS0322040,3,2022,Newark,19711,Juicebox,New Castle,24790.00,22311.00
MDCS0322041,3,2022,Newark,19711,Juicebox,New Castle,24790.00,22311.00
MDCS0322042,3,2022,Newark,19711,Juicebox,New Castle,24790.00,22311.00
MDCS0322043,3,2022,Newark,19711,Juicebox,New Castle,19832.00,17848.80
MDCS0422044,4,2022,Newark,19711,Juicebox,New Castle,34975.00,31477.50
MDCS0422045,4,2022,Newark,19711,Juicebox,New Castle,34975.00,31477.50
MDCS0422046,4,2022,Newark,19711,Juicebox,New Castle,34975.00,31477.50
MDCS0422047,4,2022,Newark,19711,Juicebox,New Castle,34975.00,31477.50
MDCS0822048,7,2022,Wilmington,19801,Juicebox,New Castle,6995.00,5246.25
MDCS0822049,8,2022,Bethany Beach,19930,Juicebox,New Castle,34785.00,12816.00
MDCS1022050,10,2022,Newark,19711,Juicebox,New Castle,8595.00,38677.50
MDCS1022051,10,2022,Newark,19711,Juicebox,New Castle,8595.00,38677.50
MDCS1022052,10,2022,Newark,19711,Juicebox,New Castle,8595.00,38677.50
MDCS1022053,10,2022,Newark,19711,Juicebox,New Castle,8595.00,38677.50
MDCS1022054,10,2022,Newark,19711,Juicebox,New Castle,8595.00,38677.50
MDCS1022055,10,2022,Newark,19711,Juicebox,New Castle,8595.00,38677.50
MDCS1022056,10,2022,Newark,19711,Juicebox,New Castle,8595.00,38677.50
MDCS1122057,10,2022,Westport,6880,Juicebox,New Castle,15340.00,13806.00
MDCS1122058,11,2022,Seaford,19973,Juicebox,New Castle,29930.00,26937.00
MDCS1122059,11,2022,Elkton,19711,Juicebox,New Castle,1495.00,13455.00
MDCS0223061,2,2023,Wilmington,19801,JuicePedastal,New Castle,13990.00,23591.00
MDCS0423063,2,2023,Lewes,19971,SemaConnect,Sussex,7200.00,6480.00
MDCS0423064,2,2023,Bear,19701,JuicePedastal,New Castle,1495.00,13455.00
